event_ID,cluster_label
1,6
2,6
3,6
4,6
5,6
6,6
7,6
8,6
9,6
10,6
11,6
12,6
13,6
14,5
15,6
16,6
17,8
18,6
19,6
20,6
21,6
22,6
23,6
24,6
25,6
26,6
27,6
28,6
29,7
30,2
31,8
32,3
33,6
34,6
35,5
36,6
37,6
38,6
39,6
40,6
41,6
42,6
43,6
44,19
45,6
46,6
47,6
48,8
49,6
50,6
51,6
52,6
53,16
54,6
55,2
56,11
57,6
58,6
59,6
60,7
61,2
62,8
63,6
64,6
65,6
66,6
67,6
68,6
69,6
70,6
71,5
72,6
73,6
74,6
75,6
76,6
77,8
78,2
79,6
80,6
81,6
82,8
83,8
84,6
85,8
86,8
87,8
88,8
89,8
90,11
91,8
92,6
93,8
94,6
95,6
96,6
97,6
98,6
99,6
100,8
101,6
102,6
103,6
104,6
105,5
106,6
107,6
108,6
109,6
110,6
111,6
112,3
113,6
114,6
115,6
116,5
117,6
118,15
119,6
120,6
121,6
122,6
123,8
124,6
125,6
126,6
127,8
128,6
129,6
130,7
131,6
132,6
133,18
134,6
135,6
136,6
137,6
138,6
139,6
140,6
141,8
142,6
143,6
144,6
145,6
146,6
147,6
148,6
149,6
150,6
151,5
152,6
153,6
154,6
155,6
156,6
157,14
158,8
159,6
160,6
161,8
162,6
163,6
164,6
165,6
166,2
167,6
168,6
169,6
170,6
171,6
172,6
173,6
174,6
175,6
176,8
177,17
178,6
179,6
180,6
181,6
182,6
183,6
184,6
185,6
186,6
187,6
188,18
189,6
190,6
191,6
192,6
193,6
194,6
195,3
196,6
197,6
198,11
199,19
200,6
201,6
202,6
203,6
204,8
205,18
206,4
207,8
208,6
209,6
210,6
211,6
212,6
213,6
214,8
215,11
216,6
217,4
218,6
219,6
220,6
221,6
222,6
223,6
224,6
225,6
226,6
227,6
228,6
229,6
230,6
231,6
232,8
233,6
234,6
235,6
236,6
237,8
238,8
239,6
240,6
241,6
242,15
243,2
244,6
245,6
246,6
247,3
248,6
249,6
250,12
251,6
252,6
253,4
254,6
255,6
256,6
257,6
258,6
259,6
260,6
261,8
262,6
263,6
264,6
265,6
266,12
267,17
268,6
269,6
270,6
271,6
272,6
273,6
274,7
275,6
276,6
277,6
278,8
279,6
280,6
281,6
282,6
283,6
284,6
285,6
286,6
287,2
288,6
289,6
290,6
291,17
292,6
293,6
294,12
295,6
296,17
297,12
298,6
299,2
300,6
301,8
302,6
303,4
304,5
305,6
306,6
307,6
308,6
309,6
310,6
311,6
312,6
313,6
314,6
315,17
316,6
317,6
318,8
319,6
320,6
321,12
322,6
323,6
324,6
325,6
326,6
327,6
328,3
329,6
330,6
331,6
332,6
333,6
334,12
335,6
336,8
337,10
338,1
339,7
340,6
341,6
342,6
343,6
344,6
345,6
346,6
347,6
348,6
349,6
350,6
351,6
352,6
353,6
354,6
355,6
356,1
357,6
358,8
359,6
360,6
361,6
362,6
363,5
364,14
365,6
366,8
367,6
368,6
369,6
370,6
371,6
372,1
373,6
374,6
375,6
376,11
377,6
378,6
379,6
380,8
381,6
382,6
383,6
384,3
385,5
386,6
387,6
388,6
389,6
390,6
391,6
392,6
393,6
394,6
395,6
396,6
397,6
398,11
399,6
400,6
401,6
402,6
403,6
404,6
405,2
406,11
407,2
408,6
409,6
410,6
411,6
412,6
413,6
414,6
415,11
416,6
417,6
418,6
419,6
420,6
421,8
422,6
423,6
424,6
425,5
426,1
427,14
428,6
429,1
430,6
431,6
432,6
433,6
434,15
435,6
436,6
437,2
438,6
439,7
440,8
441,6
442,6
443,6
444,6
445,6
446,6
447,6
448,6
449,6
450,6
451,6
452,1
453,6
454,6
455,6
456,6
457,17
458,6
459,6
460,6
461,6
462,6
463,6
464,6
465,6
466,6
467,6
468,6
469,6
470,5
471,2
472,6
473,6
474,6
475,6
476,6
477,6
478,6
479,6
480,6
481,8
482,6
483,4
484,6
485,6
486,6
487,0
488,6
489,6
490,6
491,2
492,6
493,6
494,13
495,13
496,6
497,13
498,6
499,6
500,6
501,6
502,6
503,1
504,6
505,6
506,13
507,6
508,6
509,8
510,6
511,1
512,6
513,17
514,6
515,6
516,2
517,5
518,6
519,6
520,6
521,6
522,6
523,6
524,6
525,6
526,6
527,6
528,13
529,6
530,6
531,6
532,6
533,6
534,6
535,6
536,6
537,6
538,10
539,6
540,6
541,6
542,6
543,6
544,6
545,3
546,6
547,6
548,19
549,11
550,3
551,6
552,6
553,6
554,6
555,6
556,6
557,15
558,6
559,6
560,6
561,6
562,6
563,6
564,6
565,6
566,2
567,4
568,6
569,6
570,6
571,6
572,6
573,6
574,6
575,6
576,6
577,6
578,6
579,15
580,6
581,4
582,6
583,6
584,6
585,6
586,6
587,6
588,6
589,6
590,6
591,18
592,6
593,6
594,6
595,6
596,6
597,6
598,6
599,6
600,5
601,6
602,18
603,6
604,6
605,6
606,6
607,3
608,6
609,6
610,19
611,6
612,6
613,6
614,2
615,6
616,6
617,6
618,6
619,6
620,6
621,6
622,6
623,6
624,3
625,6
626,6
627,6
628,6
629,4
630,13
631,6
632,6
633,6
634,8
635,6
636,18
637,6
638,6
639,6
640,6
641,6
642,6
643,6
644,6
645,6
646,6
647,2
648,6
649,6
650,6
651,6
652,6
653,6
654,6
655,6
656,6
657,6
658,6
659,6
660,6
661,6
662,6
663,6
664,2
665,6
666,6
667,6
668,6
669,6
670,6
671,6
672,4
673,6
674,13
675,18
676,6
677,6
678,6
679,6
680,6
681,6
682,6
683,2
684,6
685,6
686,6
687,6
688,6
689,6
690,6
691,6
692,6
693,10
694,6
695,6
696,6
697,6
698,6
699,6
700,6
701,4
702,5
703,11
704,3
705,11
706,6
707,6
708,6
709,6
710,19
711,6
712,6
713,6
714,6
715,6
716,6
717,6
718,6
719,6
720,6
721,6
722,4
723,6
724,6
725,6
726,6
727,6
728,6
729,6
730,6
731,18
732,6
733,15
734,6
735,6
736,6
737,18
738,6
739,11
740,6
741,6
742,6
743,4
744,6
745,6
746,6
747,6
748,6
749,6
750,6
751,6
752,5
753,6
754,6
755,6
756,6
757,6
758,15
759,6
760,6
761,6
762,6
763,6
764,6
765,6
766,6
767,5
768,6
769,6
770,6
771,6
772,6
773,6
774,6
775,6
776,6
777,13
778,6
779,6
780,15
781,6
782,6
783,18
784,6
785,6
786,6
787,6
788,6
789,6
790,19
791,6
792,6
793,6
794,6
795,2
796,6
797,6
798,6
799,6
800,6
801,6
802,6
803,15
804,6
805,6
806,4
807,6
808,6
809,3
810,6
811,6
812,6
813,6
814,6
815,6
816,6
817,6
818,15
819,6
820,6
821,6
822,6
823,6
824,6
825,6
826,6
827,6
828,6
829,6
830,6
831,10
832,6
833,6
834,6
835,19
836,3
837,6
838,6
839,6
840,6
841,6
842,6
843,6
844,6
845,6
846,6
847,4
848,15
849,6
850,6
851,6
852,6
853,6
854,6
855,6
856,6
857,10
858,6
859,6
860,6
861,6
862,6
863,6
864,6
865,6
866,6
867,6
868,6
869,6
870,6
871,6
872,11
873,5
874,6
875,8
876,6
877,6
878,6
879,6
880,6
881,6
882,6
883,6
884,4
885,10
886,6
887,6
888,6
889,14
890,6
891,6
892,18
893,6
894,6
895,6
896,6
897,14
898,6
899,6
900,6
901,1
902,5
903,6
904,11
905,15
906,6
907,6
908,8
909,6
910,6
911,6
912,15
913,13
914,6
915,6
916,6
917,18
918,6
919,6
920,6
921,14
922,1
923,6
924,6
925,6
926,6
927,6
928,6
929,6
930,6
931,6
932,6
933,6
934,6
935,6
936,18
937,6
938,12
939,6
940,6
941,6
942,6
943,6
944,6
945,6
946,6
947,6
948,6
949,6
950,6
951,6
952,6
953,8
954,6
955,6
956,6
957,6
958,6
959,6
960,6
961,6
962,6
963,6
964,6
965,6
966,10
967,6
968,6
969,6
970,6
971,6
972,6
973,6
974,5
975,6
976,6
977,6
978,6
979,6
980,6
981,9
982,6
983,6
984,6
985,4
986,18
987,6
988,6
989,11
990,6
991,6
992,6
993,6
994,6
995,3
996,15
997,6
998,6
999,6
1000,6
1001,6
1002,6
1003,6
1004,6
1005,6
1006,19
1007,6
1008,6
1009,6
1010,6
1011,6
1012,6
1013,6
1014,11
1015,6
1016,2
1017,6
1018,3
1019,6
1020,6
1021,4
1022,6
1023,6
1024,6
1025,6
1026,6
1027,6
1028,5
1029,6
1030,7
1031,6
1032,6
1033,6
1034,6
1035,6
1036,6
1037,6
1038,6
1039,6
1040,6
1041,6
1042,18
1043,6
1044,6
1045,6
1046,6
1047,14
1048,6
1049,6
1050,6
1051,2
1052,6
1053,3
1054,6
1055,6
1056,6
1057,6
1058,6
1059,6
1060,6
1061,6
1062,6
1063,6
1064,6
1065,6
1066,6
1067,10
1068,6
1069,6
1070,6
1071,6
1072,6
1073,6
1074,18
1075,11
1076,6
1077,6
1078,6
1079,6
1080,6
1081,16
1082,6
1083,6
1084,6
1085,6
1086,6
1087,6
1088,6
1089,3
1090,6
1091,6
1092,6
1093,6
1094,6
1095,6
1096,6
1097,5
1098,6
1099,6
1100,6
1101,16
1102,12
1103,6
1104,6
1105,6
1106,6
1107,6
1108,17
1109,6
1110,6
1111,6
1112,6
1113,6
1114,6
1115,6
1116,3
1117,6
1118,6
1119,6
1120,6
1121,6
1122,6
1123,6
1124,6
1125,6
1126,12
1127,10
1128,6
1129,6
1130,6
1131,6
1132,6
1133,6
1134,6
1135,6
1136,6
1137,6
1138,6
1139,6
1140,6
1141,6
1142,6
1143,11
1144,6
1145,19
1146,6
1147,6
1148,6
1149,6
1150,6
1151,6
1152,6
1153,6
1154,6
1155,6
1156,4
1157,6
1158,6
1159,6
1160,2
1161,6
1162,6
1163,6
1164,6
1165,6
1166,6
1167,6
1168,6
1169,19
1170,10
1171,6
1172,6
1173,6
1174,6
1175,4
1176,6
1177,6
1178,6
1179,5
1180,6
1181,6
1182,15
1183,6
1184,6
1185,6
1186,6
1187,6
1188,6
1189,6
1190,6
1191,6
1192,17
1193,7
1194,10
1195,6
1196,4
1197,6
1198,6
1199,2
1200,6
1201,6
1202,6
1203,6
1204,6
1205,6
1206,7
1207,4
1208,6
1209,6
1210,6
1211,6
1212,18
1213,6
1214,6
1215,6
1216,6
1217,6
1218,19
1219,6
1220,6
1221,5
1222,6
1223,6
1224,6
1225,6
1226,6
1227,6
1228,6
1229,17
1230,6
1231,6
1232,3
1233,6
1234,6
1235,6
1236,6
1237,6
1238,6
1239,6
1240,4
1241,6
1242,6
1243,6
1244,6
1245,6
1246,2
1247,6
1248,19
1249,6
1250,6
1251,6
1252,6
1253,6
1254,6
1255,6
1256,6
1257,6
1258,6
1259,6
1260,6
1261,6
1262,6
1263,12
1264,6
1265,4
1266,6
1267,6
1268,6
1269,6
1270,6
1271,6
1272,6
1273,6
1274,6
1275,14
1276,6
1277,6
1278,7
1279,6
1280,6
1281,6
1282,6
1283,6
1284,12
1285,6
1286,6
1287,6
1288,19
1289,6
1290,6
1291,12
1292,3
1293,6
1294,6
1295,6
1296,6
1297,6
1298,6
1299,6
1300,6
1301,17
1302,6
1303,6
1304,6
1305,2
1306,4
1307,6
1308,6
1309,6
1310,6
1311,6
1312,6
1313,6
1314,6
1315,6
1316,6
1317,6
1318,6
1319,6
1320,6
1321,6
1322,6
1323,11
1324,6
1325,6
1326,6
1327,6
1328,6
1329,6
1330,6
1331,6
1332,6
1333,6
1334,6
1335,6
1336,18
1337,6
1338,6
1339,6
1340,6
1341,2
1342,17
1343,6
1344,6
1345,6
1346,6
1347,6
1348,6
1349,6
1350,6
1351,6
1352,6
1353,6
1354,6
1355,6
1356,6
1357,3
1358,1
1359,6
1360,11
1361,6
1362,6
1363,6
1364,6
1365,6
1366,6
1367,18
1368,6
1369,15
1370,6
1371,6
1372,6
1373,6
1374,6
1375,2
1376,6
1377,7
1378,6
1379,6
1380,6
1381,6
1382,6
1383,6
1384,6
1385,12
1386,6
1387,6
1388,6
1389,6
1390,8
1391,6
1392,6
1393,6
1394,15
1395,18
1396,6
1397,10
1398,6
1399,6
1400,6
1401,6
1402,6
1403,6
1404,7
1405,6
1406,1
1407,6
1408,6
1409,6
1410,6
1411,6
1412,6
1413,2
1414,6
1415,6
1416,6
1417,6
1418,6
1419,6
1420,4
1421,6
1422,6
1423,13
1424,6
1425,6
1426,12
1427,11
1428,6
1429,6
1430,6
1431,8
1432,6
1433,6
1434,6
1435,6
1436,6
1437,6
1438,6
1439,1
1440,6
1441,17
1442,6
1443,6
1444,6
1445,6
1446,6
1447,6
1448,6
1449,3
1450,6
1451,4
1452,6
1453,6
1454,6
1455,6
1456,6
1457,6
1458,2
1459,6
1460,6
1461,6
1462,6
1463,6
1464,6
1465,5
1466,19
1467,6
1468,6
1469,6
1470,2
1471,18
1472,6
1473,6
1474,6
1475,6
1476,6
1477,6
1478,6
1479,6
1480,6
1481,6
1482,6
1483,6
1484,6
1485,17
1486,1
1487,2
1488,6
1489,6
1490,6
1491,6
1492,6
1493,6
1494,11
1495,6
1496,6
1497,6
1498,3
1499,11
1500,6
1501,6
1502,6
1503,3
1504,6
1505,6
1506,6
1507,6
1508,6
1509,6
1510,6
1511,6
1512,6
1513,6
1514,6
1515,6
1516,6
1517,6
1518,6
1519,6
1520,6
1521,6
1522,6
1523,6
1524,6
1525,6
1526,6
1527,6
1528,4
1529,6
1530,10
1531,6
1532,6
1533,6
1534,6
1535,6
1536,6
1537,3
1538,6
1539,6
1540,10
1541,6
1542,6
1543,10
1544,15
1545,6
1546,7
1547,18
1548,6
1549,6
1550,6
1551,6
1552,6
1553,4
1554,6
1555,6
1556,6
1557,9
1558,6
1559,6
1560,6
1561,6
1562,6
1563,6
1564,11
1565,6
1566,6
1567,3
1568,6
1569,18
1570,6
1571,6
1572,6
1573,6
1574,2
1575,10
1576,17
1577,6
1578,6
1579,6
1580,6
1581,4
1582,8
1583,6
1584,6
1585,6
1586,6
1587,6
1588,6
1589,6
1590,6
1591,6
1592,6
1593,6
1594,6
1595,6
1596,6
1597,6
1598,2
1599,5
1600,6
1601,6
1602,6
1603,6
1604,6
1605,6
1606,6
1607,6
1608,6
1609,7
1610,6
1611,6
1612,6
1613,6
1614,6
1615,6
1616,6
1617,6
1618,6
1619,6
1620,10
1621,19
1622,6
1623,6
1624,5
1625,3
1626,7
1627,6
1628,6
1629,6
1630,6
1631,6
1632,18
1633,6
1634,6
1635,6
1636,6
1637,6
1638,6
1639,6
1640,6
1641,6
1642,6
1643,6
1644,6
1645,6
1646,2
1647,6
1648,6
1649,6
1650,6
1651,6
1652,6
1653,6
1654,4
1655,18
1656,6
1657,6
1658,6
1659,19
1660,17
1661,6
1662,6
1663,6
1664,6
1665,6
1666,6
1667,6
1668,6
1669,6
1670,6
1671,6
1672,6
1673,6
1674,6
1675,5
1676,8
1677,6
1678,6
1679,4
1680,6
1681,6
1682,1
1683,6
1684,15
1685,6
1686,0
1687,3
1688,6
1689,6
1690,6
1691,6
1692,6
1693,6
1694,6
1695,4
1696,6
1697,6
1698,6
1699,6
1700,6
1701,6
1702,6
1703,6
1704,6
1705,6
1706,6
1707,4
1708,6
1709,6
1710,6
1711,6
1712,8
1713,6
1714,6
1715,6
1716,6
1717,6
1718,6
1719,6
1720,9
1721,6
1722,6
1723,4
1724,6
1725,6
1726,6
1727,6
1728,6
1729,6
1730,6
1731,6
1732,5
1733,6
1734,6
1735,6
1736,6
1737,6
1738,4
1739,6
1740,6
1741,6
1742,6
1743,6
1744,10
1745,6
1746,6
1747,6
1748,6
1749,17
1750,6
1751,6
1752,18
1753,6
1754,6
1755,6
1756,6
1757,6
1758,3
1759,15
1760,6
1761,6
1762,6
1763,6
1764,6
1765,6
1766,6
1767,6
1768,4
1769,8
1770,6
1771,6
1772,6
1773,6
1774,3
1775,6
1776,6
1777,7
1778,6
1779,19
1780,6
1781,7
1782,6
1783,6
1784,6
1785,6
1786,6
1787,6
1788,6
1789,1
1790,6
1791,6
1792,6
1793,6
1794,6
1795,6
1796,4
1797,6
1798,6
1799,6
1800,7
1801,6
1802,6
1803,6
1804,6
1805,6
1806,6
1807,6
1808,6
1809,6
1810,3
1811,19
1812,6
1813,6
1814,6
1815,6
1816,6
1817,6
1818,6
1819,6
1820,6
1821,6
1822,6
1823,6
1824,6
1825,6
1826,6
1827,6
1828,6
1829,6
1830,19
1831,6
1832,6
1833,4
1834,6
1835,6
1836,18
1837,6
1838,6
1839,6
1840,6
1841,6
1842,6
1843,6
1844,6
1845,11
1846,19
1847,2
1848,6
1849,11
1850,6
1851,18
1852,6
1853,6
1854,6
1855,6
1856,6
1857,6
1858,6
1859,6
1860,6
1861,6
1862,6
1863,6
1864,6
1865,6
1866,6
1867,6
1868,6
1869,2
1870,11
1871,6
1872,6
1873,3
1874,6
1875,6
1876,6
1877,6
1878,6
1879,6
1880,6
1881,6
1882,1
1883,6
1884,6
1885,3
1886,6
1887,6
1888,6
1889,6
1890,6
1891,6
1892,6
1893,6
1894,6
1895,6
1896,6
1897,6
1898,6
1899,6
1900,19
1901,6
1902,6
1903,4
1904,6
1905,6
1906,6
1907,6
1908,6
1909,3
1910,6
1911,6
1912,6
1913,14
1914,6
1915,6
1916,6
1917,6
1918,6
1919,6
1920,4
1921,6
1922,6
1923,18
1924,6
1925,6
1926,6
1927,6
1928,6
1929,6
1930,1
1931,6
1932,6
1933,10
1934,6
1935,6
1936,18
1937,6
1938,6
1939,6
1940,6
1941,6
1942,2
1943,6
1944,6
1945,6
1946,19
1947,17
1948,6
1949,6
1950,6
1951,6
1952,6
1953,6
1954,6
1955,6
1956,6
1957,6
1958,6
1959,6
1960,6
1961,6
1962,2
1963,6
1964,3
1965,6
1966,1
1967,6
1968,6
1969,6
1970,6
1971,6
1972,6
1973,6
1974,6
1975,6
1976,6
1977,6
1978,1
1979,18
1980,6
1981,6
1982,6
1983,6
1984,3
1985,11
1986,6
1987,6
1988,6
1989,6
1990,6
1991,6
1992,6
1993,6
1994,6
1995,6
1996,6
1997,6
1998,6
1999,6
2000,6
2001,6
2002,17
2003,6
2004,6
2005,6
2006,6
2007,19
2008,6
2009,15
2010,6
2011,5
2012,14
2013,6
2014,6
2015,6
2016,6
2017,6
2018,8
2019,6
2020,6
2021,17
2022,6
2023,6
2024,6
2025,6
2026,6
2027,6
2028,6
2029,6
2030,6
2031,6
2032,6
2033,6
2034,6
2035,6
2036,6
2037,6
2038,6
2039,10
2040,6
2041,6
2042,6
2043,6
2044,6
2045,6
2046,6
2047,6
2048,6
2049,6
2050,6
2051,6
2052,6
2053,6
2054,6
2055,6
2056,6
2057,6
2058,6
2059,19
2060,8
2061,6
2062,11
2063,6
2064,6
2065,6
2066,6
2067,6
2068,6
2069,6
2070,6
2071,6
2072,6
2073,17
2074,6
2075,4
2076,1
2077,6
2078,6
2079,17
2080,6
2081,6
2082,6
2083,17
2084,6
2085,6
2086,9
2087,6
2088,6
2089,6
2090,6
2091,15
2092,6
2093,6
2094,6
2095,6
2096,6
2097,6
2098,6
2099,2
2100,6
2101,6
2102,6
2103,6
2104,6
2105,6
2106,6
2107,6
2108,6
2109,6
2110,6
2111,6
2112,6
2113,5
2114,6
2115,19
2116,6
2117,17
2118,6
2119,6
2120,6
2121,6
2122,6
2123,6
2124,6
2125,6
2126,6
2127,6
2128,2
2129,6
2130,15
2131,12
2132,6
2133,6
2134,6
2135,6
2136,6
2137,6
2138,7
2139,6
2140,6
2141,6
2142,6
2143,6
2144,6
2145,1
2146,6
2147,6
2148,6
2149,6
2150,6
2151,11
2152,6
2153,6
2154,6
2155,7
2156,6
2157,6
2158,6
2159,6
2160,17
2161,6
2162,6
2163,6
2164,6
2165,6
2166,6
2167,6
2168,6
2169,6
2170,3
2171,6
2172,6
2173,6
2174,6
2175,6
2176,6
2177,6
2178,6
2179,6
2180,6
2181,2
2182,6
2183,6
2184,6
2185,6
2186,6
2187,6
2188,6
2189,6
2190,6
2191,0
2192,10
2193,11
2194,6
2195,6
2196,19
2197,6
2198,2
2199,6
2200,6
2201,6
2202,6
2203,18
2204,6
2205,6
2206,6
2207,6
2208,6
2209,6
2210,6
2211,6
2212,6
2213,6
2214,6
2215,6
2216,6
2217,6
2218,6
2219,6
2220,10
2221,6
2222,11
2223,6
2224,17
2225,6
2226,6
2227,6
2228,6
2229,6
2230,6
2231,14
2232,6
2233,6
2234,6
2235,6
2236,6
2237,2
2238,3
2239,6
2240,6
2241,6
2242,6
2243,6
2244,19
2245,15
2246,6
2247,6
2248,6
2249,6
2250,4
2251,6
2252,6
2253,9
2254,6
2255,6
2256,6
2257,3
2258,6
2259,6
2260,0
2261,8
2262,6
2263,6
2264,6
2265,14
2266,6
2267,6
2268,6
2269,6
2270,17
2271,6
2272,6
2273,14
2274,6
2275,6
2276,6
2277,14
2278,6
2279,6
2280,6
2281,6
2282,6
2283,6
2284,6
2285,19
2286,14
2287,2
2288,15
2289,6
2290,6
2291,6
2292,6
2293,6
2294,6
2295,6
2296,6
2297,11
2298,6
2299,6
2300,6
2301,6
2302,6
2303,6
2304,15
2305,15
2306,6
2307,1
2308,6
2309,6
2310,6
2311,6
2312,6
2313,6
2314,6
2315,6
2316,6
2317,6
2318,14
2319,6
2320,6
2321,6
2322,6
2323,6
2324,18
2325,6
2326,6
2327,15
2328,6
2329,6
2330,6
2331,6
2332,6
2333,6
2334,6
2335,4
2336,6
2337,6
2338,6
2339,6
2340,5
2341,6
2342,6
2343,6
2344,4
2345,6
2346,6
2347,6
2348,6
2349,6
2350,6
2351,6
2352,6
2353,15
2354,6
2355,6
2356,4
2357,16
2358,6
2359,6
2360,6
2361,6
2362,6
2363,6
2364,15
2365,6
2366,6
2367,6
2368,6
2369,6
2370,6
2371,6
2372,6
2373,15
2374,6
2375,6
2376,17
2377,6
2378,6
2379,6
2380,6
2381,6
2382,4
2383,16
2384,2
2385,6
2386,6
2387,6
2388,6
2389,6
2390,6
2391,6
2392,6
2393,6
2394,6
2395,6
2396,6
2397,6
2398,6
2399,6
2400,6
2401,6
2402,6
2403,6
2404,6
2405,2
2406,6
2407,6
2408,6
2409,6
2410,6
2411,6
2412,6
2413,6
2414,6
2415,16
2416,6
2417,6
2418,6
2419,6
2420,6
2421,6
2422,6
2423,6
2424,6
2425,19
2426,6
2427,15
2428,6
2429,6
2430,3
2431,6
2432,6
2433,6
2434,11
2435,6
2436,6
2437,6
2438,6
2439,6
2440,6
2441,6
2442,6
2443,6
2444,6
2445,6
2446,6
2447,6
2448,6
2449,6
2450,6
2451,6
2452,6
2453,6
2454,6
2455,6
2456,6
2457,6
2458,6
2459,6
2460,6
2461,6
2462,6
2463,19
2464,6
2465,6
2466,6
2467,6
2468,6
2469,6
2470,6
2471,14
2472,6
2473,6
2474,6
2475,6
2476,6
2477,18
2478,6
2479,6
2480,6
2481,6
2482,6
2483,6
2484,6
2485,6
2486,6
2487,6
2488,6
2489,6
2490,6
2491,6
2492,6
2493,6
2494,6
2495,6
2496,5
2497,6
2498,6
2499,6
2500,6
2501,6
2502,6
2503,19
2504,2
2505,10
2506,6
2507,19
2508,6
2509,6
2510,15
2511,6
2512,6
2513,6
2514,6
2515,6
2516,6
2517,6
2518,6
2519,10
2520,6
2521,4
2522,6
2523,6
2524,2
2525,6
2526,17
2527,6
2528,6
2529,6
2530,6
2531,7
2532,17
2533,11
2534,6
2535,6
2536,6
2537,6
2538,6
2539,6
2540,6
2541,19
2542,6
2543,6
2544,6
2545,6
2546,6
2547,6
2548,6
2549,6
2550,6
2551,6
2552,6
2553,6
2554,6
2555,6
2556,19
2557,6
2558,6
2559,6
2560,19
2561,17
2562,6
2563,6
2564,6
2565,14
2566,6
2567,6
2568,13
2569,6
2570,6
2571,0
2572,6
2573,6
2574,6
2575,17
2576,6
2577,6
2578,6
2579,6
2580,6
2581,6
2582,6
2583,6
2584,6
2585,6
2586,19
2587,6
2588,6
2589,6
2590,6
2591,6
2592,6
2593,14
2594,6
2595,6
2596,6
2597,18
2598,6
2599,6
2600,6
2601,6
2602,6
2603,6
2604,6
2605,6
2606,6
2607,6
2608,6
2609,6
2610,11
2611,14
2612,6
2613,6
2614,6
2615,6
2616,6
2617,19
2618,19
2619,6
2620,6
2621,6
2622,6
2623,6
2624,6
2625,6
2626,6
2627,2
2628,6
2629,19
2630,19
2631,6
2632,6
2633,6
2634,6
2635,6
2636,6
2637,6
2638,6
2639,6
2640,14
2641,17
2642,6
2643,6
2644,6
2645,6
2646,6
2647,19
2648,6
2649,4
2650,6
2651,6
2652,6
2653,14
2654,2
2655,6
2656,6
2657,19
2658,18
2659,6
2660,6
2661,6
2662,6
2663,6
2664,6
2665,2
2666,6
2667,6
2668,6
2669,6
2670,6
2671,6
2672,4
2673,19
2674,6
2675,6
2676,6
2677,6
2678,6
2679,6
2680,6
2681,6
2682,17
2683,6
2684,19
2685,6
2686,14
2687,14
2688,10
2689,6
2690,6
2691,6
2692,6
2693,19
2694,17
2695,6
2696,19
2697,6
2698,6
2699,6
2700,6
2701,19
2702,9
2703,6
2704,6
2705,6
2706,2
2707,3
2708,6
2709,6
2710,19
2711,11
2712,6
2713,6
2714,6
2715,6
2716,6
2717,6
2718,6
2719,6
2720,6
2721,19
2722,0
2723,9
2724,6
2725,6
2726,6
2727,6
2728,6
2729,6
2730,5
2731,6
2732,12
2733,6
2734,6
2735,6
2736,14
2737,6
2738,9
2739,6
2740,6
2741,6
2742,6
2743,11
2744,6
2745,6
2746,6
2747,6
2748,1
2749,6
2750,6
2751,6
2752,6
2753,19
2754,1
2755,6
2756,6
2757,1
2758,6
2759,6
2760,9
2761,6
2762,6
2763,6
2764,6
2765,6
2766,6
2767,9
2768,6
2769,6
2770,6
2771,6
2772,6
2773,3
2774,6
2775,6
2776,6
2777,6
2778,19
2779,6
2780,6
2781,14
2782,6
2783,6
2784,6
2785,6
2786,6
2787,6
2788,9
2789,6
2790,4
2791,18
2792,6
2793,6
2794,6
2795,6
2796,2
2797,6
2798,4
2799,6
2800,6
2801,6
2802,6
2803,6
2804,4
2805,6
2806,6
2807,6
2808,6
2809,6
2810,19
2811,6
2812,6
2813,9
2814,3
2815,6
2816,6
2817,6
2818,6
2819,6
2820,6
2821,6
2822,3
2823,6
2824,9
2825,6
2826,6
2827,19
2828,6
2829,6
2830,19
2831,6
2832,6
2833,6
2834,6
2835,6
2836,9
2837,6
2838,6
2839,0
2840,6
2841,16
2842,11
2843,6
2844,6
2845,15
2846,6
2847,2
2848,19
2849,6
2850,6
2851,6
2852,6
2853,6
2854,18
2855,6
2856,19
2857,6
2858,6
2859,6
2860,6
2861,15
2862,6
2863,9
2864,6
2865,6
2866,5
2867,6
2868,6
2869,9
2870,19
2871,0
2872,7
2873,6
2874,6
2875,6
2876,6
2877,6
2878,6
2879,6
2880,19
2881,6
2882,6
2883,6
2884,6
2885,6
2886,6
2887,6
2888,6
2889,6
2890,6
2891,9
2892,2
2893,6
2894,6
2895,6
2896,6
2897,6
2898,6
2899,6
2900,11
2901,6
2902,6
2903,2
2904,6
2905,6
2906,9
2907,6
2908,6
2909,6
2910,9
2911,6
2912,6
2913,4
2914,19
2915,6
2916,6
2917,6
2918,6
2919,6
2920,9
2921,6
2922,17
2923,6
2924,6
2925,6
2926,6
2927,6
2928,6
2929,6
2930,19
2931,6
2932,6
2933,5
2934,6
2935,6
2936,6
2937,10
2938,6
2939,3
2940,6
2941,6
2942,6
2943,6
2944,6
2945,6
2946,9
2947,6
2948,19
2949,6
2950,6
2951,4
2952,15
2953,6
2954,6
2955,6
2956,6
2957,11
2958,6
2959,6
2960,6
2961,9
2962,6
2963,6
2964,6
2965,6
2966,6
2967,10
2968,6
2969,6
2970,6
2971,6
2972,6
2973,6
2974,9
2975,6
2976,6
2977,4
2978,6
2979,6
2980,6
2981,6
2982,11
2983,19
2984,6
2985,6
2986,6
2987,6
2988,9
2989,14
2990,14
2991,6
2992,6
2993,6
2994,6
2995,6
2996,6
2997,19
2998,2
2999,12
3000,9
3001,6
3002,6
3003,6
3004,11
3005,6
3006,6
3007,6
3008,6
3009,6
3010,14
3011,6
3012,6
3013,19
3014,6
3015,6
3016,6
3017,6
3018,6
3019,6
3020,10
3021,6
3022,19
3023,6
3024,6
3025,6
3026,6
3027,9
3028,2
3029,6
3030,6
3031,6
3032,6
3033,6
3034,6
3035,6
3036,9
3037,3
3038,6
3039,7
3040,6
3041,6
3042,14
3043,17
3044,7
3045,6
3046,6
3047,6
3048,6
3049,6
3050,6
3051,6
3052,6
3053,6
3054,6
3055,6
3056,6
3057,10
3058,6
3059,6
3060,6
3061,6
3062,6
3063,6
3064,6
3065,6
3066,9
3067,6
3068,6
3069,6
3070,6
3071,6
3072,6
3073,6
3074,11
3075,6
3076,6
3077,6
3078,6
3079,6
3080,6
3081,19
3082,16
3083,6
3084,6
3085,9
3086,6
3087,6
3088,17
3089,6
3090,6
3091,6
3092,6
3093,6
3094,6
3095,4
3096,6
3097,6
3098,6
3099,6
3100,9
3101,14
3102,6
3103,6
3104,6
3105,6
3106,19
3107,6
3108,9
3109,6
3110,6
3111,6
3112,6
3113,17
3114,19
3115,6
3116,6
3117,6
3118,6
3119,6
3120,6
3121,6
3122,3
3123,11
3124,4
3125,0
3126,6
3127,9
3128,17
3129,6
3130,6
3131,6
3132,19
3133,6
3134,6
3135,0
3136,6
3137,6
3138,0
3139,6
3140,16
3141,6
3142,3
3143,6
3144,6
3145,6
3146,9
3147,6
3148,4
3149,15
3150,6
3151,6
3152,6
3153,19
3154,17
3155,6
3156,19
3157,6
3158,6
3159,19
3160,6
3161,17
3162,6
3163,6
3164,6
3165,6
3166,5
3167,6
3168,15
3169,9
3170,6
3171,6
3172,6
3173,6
3174,16
3175,6
3176,6
3177,13
3178,6
3179,6
3180,6
3181,6
3182,6
3183,6
3184,19
3185,6
3186,6
3187,6
3188,17
3189,6
3190,7
3191,3
3192,6
3193,6
3194,6
3195,6
3196,6
3197,6
3198,6
3199,6
3200,6
3201,6
3202,18
3203,11
3204,6
3205,6
3206,6
3207,6
3208,6
3209,6
3210,6
3211,6
3212,6
3213,19
3214,6
3215,6
3216,6
3217,4
3218,9
3219,6
3220,6
3221,6
3222,6
3223,6
3224,6
3225,6
3226,6
3227,6
3228,6
3229,6
3230,6
3231,6
3232,17
3233,4
3234,0
3235,6
3236,6
3237,6
3238,6
3239,6
3240,18
3241,6
3242,6
3243,6
3244,6
3245,6
3246,6
3247,6
3248,10
3249,6
3250,6
3251,6
3252,6
3253,6
3254,6
3255,10
3256,6
3257,6
3258,6
3259,6
3260,6
3261,6
3262,6
3263,6
3264,0
3265,17
3266,6
3267,6
3268,6
3269,6
3270,6
3271,6
3272,11
3273,6
3274,9
3275,6
3276,6
3277,6
3278,6
3279,6
3280,6
3281,6
3282,6
3283,10
3284,6
3285,6
3286,6
3287,6
3288,6
3289,16
3290,6
3291,6
3292,6
3293,6
3294,6
3295,6
3296,6
3297,6
3298,6
3299,6
3300,6
3301,6
3302,6
3303,6
3304,13
3305,6
3306,6
3307,6
3308,6
3309,19
3310,6
3311,6
3312,4
3313,6
3314,6
3315,6
3316,6
3317,17
3318,6
3319,6
3320,6
3321,6
3322,6
3323,6
3324,19
3325,6
3326,6
3327,6
3328,6
3329,6
3330,6
3331,6
3332,15
3333,6
3334,1
3335,9
3336,5
3337,6
3338,6
3339,6
3340,3
3341,6
3342,6
3343,6
3344,2
3345,4
3346,6
3347,6
3348,19
3349,14
3350,6
3351,6
3352,6
3353,6
3354,14
3355,6
3356,7
3357,6
3358,16
3359,6
3360,6
3361,6
3362,1
3363,9
3364,6
3365,6
3366,6
3367,11
3368,6
3369,6
3370,6
3371,6
3372,6
3373,6
3374,6
3375,19
3376,6
3377,14
3378,6
3379,6
3380,6
3381,6
3382,9
3383,6
3384,6
3385,6
3386,6
3387,9
3388,6
3389,6
3390,6
3391,6
3392,6
3393,2
3394,6
3395,14
3396,6
3397,6
3398,18
3399,6
3400,6
3401,6
3402,15
3403,9
3404,6
3405,6
3406,11
3407,6
3408,6
3409,6
3410,6
3411,6
3412,6
3413,6
3414,18
3415,6
3416,6
3417,6
3418,9
3419,6
3420,14
3421,6
3422,6
3423,6
3424,6
3425,6
3426,6
3427,11
3428,4
3429,6
3430,6
3431,6
3432,6
3433,19
3434,6
3435,18
3436,6
3437,6
3438,14
3439,6
3440,6
3441,6
3442,6
3443,9
3444,6
3445,6
3446,6
3447,6
3448,6
3449,6
3450,6
3451,6
3452,6
3453,6
3454,6
3455,6
3456,19
3457,11
3458,6
3459,6
3460,6
3461,14
3462,17
3463,6
3464,6
3465,6
3466,6
3467,6
3468,0
3469,6
3470,6
3471,14
3472,6
3473,6
3474,6
3475,6
3476,6
3477,6
3478,6
3479,14
3480,3
3481,6
3482,6
3483,13
3484,6
3485,6
3486,6
3487,6
3488,19
3489,6
3490,0
3491,9
3492,6
3493,6
3494,6
3495,6
3496,6
3497,6
3498,6
3499,6
3500,0
3501,6
3502,6
3503,6
3504,6
3505,6
3506,6
3507,17
3508,6
3509,19
3510,11
3511,9
3512,6
3513,6
3514,6
3515,6
3516,6
3517,6
3518,18
3519,7
3520,6
3521,6
3522,4
3523,6
3524,6
3525,16
3526,6
3527,6
3528,6
3529,10
3530,6
3531,9
3532,6
3533,6
3534,19
3535,9
3536,14
3537,6
3538,6
3539,19
3540,6
3541,6
3542,6
3543,6
3544,6
3545,6
3546,9
3547,6
3548,6
3549,11
3550,6
3551,6
3552,14
3553,6
3554,6
3555,19
3556,6
3557,6
3558,6
3559,6
3560,6
3561,6
3562,6
3563,6
3564,6
3565,17
3566,6
3567,6
3568,6
3569,14
3570,6
3571,6
3572,6
3573,4
3574,15
3575,14
3576,6
3577,19
3578,6
3579,6
3580,6
3581,6
3582,6
3583,6
3584,6
3585,2
3586,15
3587,6
3588,6
3589,19
3590,6
3591,6
3592,19
3593,6
3594,6
3595,6
3596,19
3597,6
3598,15
3599,19
3600,3
3601,7
3602,0
3603,6
3604,6
3605,9
3606,3
3607,6
3608,9
3609,6
3610,6
3611,5
3612,6
3613,8
3614,11
3615,0
3616,1
3617,6
3618,6
3619,6
3620,6
3621,15
3622,6
3623,6
3624,9
3625,15
3626,9
3627,7
3628,6
3629,6
3630,6
3631,6
3632,6
3633,6
3634,6
3635,6
3636,9
3637,6
3638,6
3639,6
3640,15
3641,6
3642,6
3643,6
3644,6
3645,6
3646,19
3647,6
3648,6
3649,6
3650,6
3651,11
3652,6
3653,6
3654,6
3655,6
3656,6
3657,6
3658,6
3659,15
3660,19
3661,6
3662,6
3663,5
3664,3
3665,19
3666,6
3667,6
3668,6
3669,1
3670,6
3671,6
3672,6
3673,6
3674,6
3675,6
3676,6
3677,2
3678,6
3679,6
3680,6
3681,6
3682,6
3683,9
3684,15
3685,6
3686,3
3687,19
3688,6
3689,6
3690,6
3691,6
3692,6
3693,6
3694,10
3695,6
3696,6
3697,6
3698,6
3699,3
3700,6
3701,6
3702,2
3703,6
3704,6
3705,6
3706,6
3707,6
3708,6
3709,6
3710,6
3711,6
3712,6
3713,19
3714,6
3715,6
3716,6
3717,10
3718,6
3719,15
3720,6
3721,6
3722,6
3723,6
3724,6
3725,15
3726,6
3727,6
3728,6
3729,6
3730,16
3731,6
3732,6
3733,6
3734,6
3735,6
3736,18
3737,6
3738,6
3739,6
3740,9
3741,6
3742,19
3743,15
3744,6
3745,6
3746,16
3747,7
3748,6
3749,15
3750,19
3751,6
3752,6
3753,18
3754,6
3755,6
3756,6
3757,6
3758,6
3759,9
3760,6
3761,15
3762,6
3763,2
3764,6
3765,6
3766,1
3767,6
3768,9
3769,6
3770,6
3771,6
3772,6
3773,6
3774,19
3775,8
3776,6
3777,11
3778,6
3779,6
3780,6
3781,6
3782,6
3783,19
3784,6
3785,6
3786,9
3787,6
3788,6
3789,6
3790,18
3791,6
3792,6
3793,6
3794,6
3795,6
3796,6
3797,14
3798,6
3799,15
3800,6
3801,19
3802,6
3803,6
3804,16
3805,6
3806,6
3807,6
3808,6
3809,6
3810,19
3811,7
3812,6
3813,6
3814,15
3815,6
3816,11
3817,18
3818,6
3819,6
3820,17
3821,9
3822,10
3823,11
3824,6
3825,6
3826,14
3827,6
3828,6
3829,4
3830,19
3831,3
3832,6
3833,6
3834,6
3835,6
3836,2
3837,6
3838,6
3839,6
3840,6
3841,6
3842,6
3843,6
3844,6
3845,16
3846,6
3847,6
3848,6
3849,6
3850,9
3851,18
3852,6
3853,6
3854,3
3855,3
3856,6
3857,6
3858,6
3859,6
3860,6
3861,6
3862,19
3863,6
3864,4
3865,6
3866,6
3867,6
3868,6
3869,6
3870,14
3871,6
3872,6
3873,6
3874,6
3875,19
3876,6
3877,6
3878,6
3879,6
3880,6
3881,6
3882,6
3883,6
3884,6
3885,6
3886,6
3887,6
3888,6
3889,6
3890,6
3891,6
3892,6
3893,4
3894,6
3895,11
3896,6
3897,6
3898,6
3899,6
3900,19
3901,6
3902,6
3903,6
3904,6
3905,6
3906,6
3907,6
3908,4
3909,19
3910,6
3911,2
3912,6
3913,6
3914,6
3915,6
3916,11
3917,1
3918,6
3919,6
3920,6
3921,6
3922,2
3923,6
3924,6
3925,6
3926,6
3927,4
3928,5
3929,6
3930,6
3931,6
3932,6
3933,6
3934,6
3935,6
3936,11
3937,6
3938,6
3939,6
3940,6
3941,6
3942,6
3943,6
3944,6
3945,6
3946,14
3947,6
3948,6
3949,6
3950,6
3951,6
3952,6
3953,6
3954,6
3955,6
3956,3
3957,6
3958,6
3959,6
3960,6
3961,6
3962,6
3963,11
3964,6
3965,6
3966,15
3967,6
3968,6
3969,6
3970,6
3971,6
3972,11
3973,6
3974,6
3975,6
3976,6
3977,6
3978,6
3979,6
3980,19
3981,6
3982,6
3983,19
3984,6
3985,6
3986,6
3987,6
3988,6
3989,6
3990,6
3991,6
3992,6
3993,6
3994,4
3995,6
3996,6
3997,6
3998,11
3999,6
4000,6
4001,6
4002,6
4003,6
4004,6
4005,6
4006,6
4007,6
4008,6
4009,6
4010,6
4011,17
4012,6
4013,6
4014,6
4015,6
4016,6
4017,6
4018,6
4019,6
4020,6
4021,16
4022,6
4023,8
4024,6
4025,6
4026,6
4027,6
4028,6
4029,6
4030,6
4031,13
4032,6
4033,6
4034,5
4035,19
4036,11
4037,6
4038,6
4039,2
4040,6
4041,6
4042,6
4043,6
4044,6
4045,6
4046,6
4047,6
4048,14
4049,6
4050,10
4051,6
4052,19
4053,6
4054,6
4055,6
4056,6
4057,6
4058,6
4059,6
4060,6
4061,3
4062,6
4063,6
4064,6
4065,10
4066,6
4067,6
4068,6
4069,6
4070,16
4071,6
4072,6
4073,6
4074,6
4075,6
4076,6
4077,6
4078,6
4079,6
4080,17
4081,3
4082,6
4083,6
4084,6
4085,6
4086,6
4087,6
4088,19
4089,19
4090,19
4091,19
4092,18
4093,6
4094,6
4095,6
4096,6
4097,13
4098,19
4099,16
4100,18
4101,19
4102,6
4103,6
4104,17
4105,3
4106,6
4107,6
4108,6
4109,6
4110,6
4111,6
4112,6
4113,6
4114,6
4115,6
4116,6
4117,6
4118,17
4119,16
4120,19
4121,6
4122,6
4123,6
4124,6
4125,14
4126,6
4127,6
4128,6
4129,6
4130,6
4131,6
4132,6
4133,6
4134,6
4135,13
4136,6
4137,6
4138,3
4139,6
4140,6
4141,6
4142,6
4143,6
4144,6
4145,6
4146,6
4147,6
4148,6
4149,8
4150,17
4151,9
4152,6
4153,6
4154,2
4155,14
4156,6
4157,6
4158,16
4159,6
4160,6
4161,6
4162,4
4163,6
4164,18
4165,6
4166,6
4167,1
4168,6
4169,6
4170,6
4171,6
4172,14
4173,10
4174,6
4175,16
4176,6
4177,3
4178,6
4179,6
4180,6
4181,6
4182,14
4183,6
4184,4
4185,6
4186,6
4187,6
4188,6
4189,6
4190,6
4191,6
4192,9
4193,6
4194,6
4195,6
4196,6
4197,6
4198,6
4199,6
4200,6
4201,6
4202,6
4203,6
4204,6
4205,4
4206,6
4207,6
4208,6
4209,6
4210,6
4211,6
4212,6
4213,6
4214,6
4215,6
4216,6
4217,2
4218,6
4219,6
4220,6
4221,6
4222,6
4223,5
4224,2
4225,6
4226,3
4227,6
4228,6
4229,6
4230,13
4231,6
4232,6
4233,6
4234,6
4235,6
4236,4
4237,6
4238,6
4239,6
4240,6
4241,6
4242,6
4243,6
4244,6
4245,9
4246,13
4247,17
4248,2
4249,6
4250,6
4251,6
4252,6
4253,18
4254,6
4255,6
4256,6
4257,13
4258,6
4259,6
4260,6
4261,6
4262,6
4263,13
4264,6
4265,6
4266,6
4267,6
4268,6
4269,6
4270,3
4271,6
4272,15
4273,2
4274,4
4275,6
4276,6
4277,6
4278,4
4279,6
4280,6
4281,6
4282,10
4283,6
4284,6
4285,6
4286,6
4287,6
4288,6
4289,6
4290,6
4291,15
4292,6
4293,3
4294,6
4295,19
4296,6
4297,6
4298,6
4299,6
4300,6
4301,6
4302,6
4303,6
4304,2
4305,6
4306,6
4307,6
4308,6
4309,14
4310,4
4311,6
4312,6
4313,6
4314,6
4315,6
4316,17
4317,6
4318,6
4319,9
4320,10
4321,6
4322,19
4323,6
4324,6
4325,6
4326,6
4327,6
4328,17
4329,4
4330,18
4331,9
4332,6
4333,6
4334,6
4335,6
4336,6
4337,6
4338,6
4339,10
4340,6
4341,6
4342,6
4343,6
4344,6
4345,6
4346,6
4347,6
4348,6
4349,6
4350,6
4351,6
4352,14
4353,6
4354,17
4355,6
4356,9
4357,6
4358,6
4359,6
4360,6
4361,3
4362,19
4363,6
4364,6
4365,6
4366,6
4367,6
4368,6
4369,6
4370,16
4371,13
4372,6
4373,6
4374,15
4375,6
4376,6
4377,6
4378,6
4379,6
4380,6
4381,17
4382,13
4383,6
4384,6
4385,10
4386,6
4387,6
4388,6
4389,6
4390,6
4391,19
4392,6
4393,18
4394,6
4395,18
4396,6
4397,6
4398,6
4399,6
4400,6
4401,6
4402,6
4403,6
4404,6
4405,6
4406,13
4407,6
4408,6
4409,9
4410,7
4411,6
4412,6
4413,6
4414,6
4415,16
4416,6
4417,3
4418,6
4419,19
4420,6
4421,6
4422,6
4423,6
4424,6
4425,2
4426,6
4427,6
4428,6
4429,6
4430,6
4431,17
4432,6
4433,6
4434,6
4435,6
4436,6
4437,6
4438,19
4439,6
4440,6
4441,6
4442,6
4443,6
4444,6
4445,16
4446,6
4447,6
4448,17
4449,6
4450,6
4451,17
4452,12
4453,17
4454,19
4455,6
4456,6
4457,6
4458,6
4459,6
4460,6
4461,6
4462,6
4463,6
4464,6
4465,6
4466,17
4467,6
4468,6
4469,6
4470,6
4471,6
4472,6
4473,15
4474,6
4475,16
4476,6
4477,6
4478,6
4479,11
4480,5
4481,6
4482,18
4483,9
4484,8
4485,6
4486,17
4487,6
4488,4
4489,6
4490,14
4491,6
4492,6
4493,18
4494,19
4495,6
4496,5
4497,6
4498,6
4499,6
4500,6
4501,3
4502,6
4503,6
4504,6
4505,6
4506,13
4507,4
4508,3
4509,16
4510,6
4511,6
4512,6
4513,6
4514,6
4515,6
4516,6
4517,6
4518,6
4519,6
4520,6
4521,4
4522,6
4523,9
4524,6
4525,6
4526,6
4527,6
4528,6
4529,3
4530,6
4531,6
4532,3
4533,6
4534,6
4535,6
4536,6
4537,6
4538,6
4539,6
4540,6
4541,6
4542,6
4543,19
4544,6
4545,6
4546,13
4547,6
4548,6
4549,4
4550,5
4551,6
4552,6
4553,6
4554,6
4555,13
4556,9
4557,6
4558,13
4559,13
4560,2
4561,6
4562,6
4563,3
4564,6
4565,6
4566,6
4567,6
4568,3
4569,16
4570,15
4571,6
4572,6
4573,6
4574,14
4575,6
4576,6
4577,6
4578,6
4579,6
4580,6
4581,6
4582,6
4583,13
4584,4
4585,6
4586,18
4587,6
4588,6
4589,6
4590,6
4591,6
4592,13
4593,6
4594,16
4595,6
4596,18
4597,6
4598,7
4599,6
4600,6
4601,6
4602,6
4603,19
4604,6
4605,6
4606,6
4607,6
4608,19
4609,6
4610,6
4611,6
4612,6
4613,6
4614,6
4615,6
4616,6
4617,6
4618,0
4619,13
4620,6
4621,6
4622,4
4623,6
4624,6
4625,6
4626,9
4627,6
4628,6
4629,6
4630,6
4631,6
4632,6
4633,6
4634,6
4635,3
4636,6
4637,6
4638,13
4639,5
4640,16
4641,6
4642,6
4643,6
4644,6
4645,6
4646,6
4647,6
4648,6
4649,6
4650,6
4651,6
4652,6
4653,19
4654,6
4655,6
4656,6
4657,6
4658,6
4659,6
4660,6
4661,6
4662,6
4663,6
4664,6
4665,6
4666,6
4667,3
4668,16
4669,6
4670,6
4671,6
4672,6
4673,6
4674,1
4675,6
4676,6
4677,6
4678,6
4679,6
4680,6
4681,6
4682,6
4683,6
4684,6
4685,6
4686,6
4687,6
4688,6
4689,6
4690,6
4691,6
4692,13
4693,6
4694,6
4695,6
4696,6
4697,6
4698,2
4699,6
4700,13
4701,6
4702,16
4703,6
4704,11
4705,3
4706,6
4707,6
4708,17
4709,6
4710,6
4711,6
4712,7
4713,6
4714,6
4715,6
4716,6
4717,6
4718,6
4719,6
4720,6
4721,6
4722,6
4723,2
4724,6
4725,6
4726,6
4727,6
4728,6
4729,6
4730,1
4731,3
4732,16
4733,6
4734,4
4735,6
4736,6
4737,6
4738,6
4739,19
4740,6
4741,13
4742,6
4743,6
4744,6
4745,6
4746,10
4747,15
4748,7
4749,6
4750,6
4751,5
4752,6
4753,19
4754,6
4755,6
4756,10
4757,16
4758,6
4759,6
4760,6
4761,6
4762,6
4763,6
4764,6
4765,6
4766,6
4767,6
4768,6
4769,6
4770,6
4771,6
4772,6
4773,6
4774,3
4775,6
4776,6
4777,2
4778,13
4779,6
4780,6
4781,6
4782,6
4783,6
4784,18
4785,6
4786,6
4787,5
4788,6
4789,6
4790,6
4791,6
4792,6
4793,6
4794,7
4795,6
4796,16
4797,6
4798,6
4799,6
4800,6
4801,6
4802,6
4803,6
4804,16
4805,6
4806,6
4807,6
4808,6
4809,6
4810,6
4811,1
4812,6
4813,6
4814,6
4815,4
4816,6
4817,6
4818,6
4819,6
4820,6
4821,6
4822,6
4823,6
4824,6
4825,13
4826,6
4827,6
4828,6
4829,6
4830,6
4831,3
4832,6
4833,19
4834,18
4835,6
4836,6
4837,6
4838,10
4839,2
4840,6
4841,6
4842,6
4843,6
4844,6
4845,6
4846,6
4847,6
4848,16
4849,6
4850,1
4851,18
4852,19
4853,6
4854,6
4855,6
4856,6
4857,6
4858,6
4859,6
4860,6
4861,6
4862,6
4863,6
4864,6
4865,6
4866,6
4867,3
4868,6
4869,13
4870,6
4871,6
4872,6
4873,6
4874,6
4875,6
4876,6
4877,6
4878,3
4879,6
4880,1
4881,6
4882,6
4883,6
4884,13
4885,6
4886,6
4887,6
4888,6
4889,6
4890,6
4891,6
4892,6
4893,6
4894,6
4895,6
4896,10
4897,19
4898,6
4899,6
4900,18
4901,6
4902,6
4903,6
4904,6
4905,6
4906,6
4907,6
4908,6
4909,6
4910,6
4911,19
4912,6
4913,6
4914,6
4915,6
4916,1
4917,19
4918,6
4919,6
4920,6
4921,3
4922,6
4923,6
4924,16
4925,6
4926,6
4927,6
4928,6
4929,13
4930,6
4931,6
4932,6
4933,6
4934,6
4935,6
4936,6
4937,6
4938,6
4939,6
4940,17
4941,6
4942,6
4943,6
4944,6
4945,3
4946,16
4947,6
4948,6
4949,19
4950,6
4951,6
4952,6
4953,6
4954,6
4955,6
4956,6
4957,6
4958,6
4959,16
4960,6
4961,6
4962,6
4963,6
4964,6
4965,6
4966,6
4967,6
4968,9
4969,2
4970,6
4971,6
4972,3
4973,6
4974,6
4975,6
4976,6
4977,6
4978,6
4979,6
4980,6
4981,6
4982,6
4983,6
4984,1
4985,6
4986,6
4987,6
4988,17
4989,6
4990,19
4991,6
4992,16
4993,11
4994,6
4995,6
4996,6
4997,6
4998,6
4999,6
5000,6
5001,7
5002,5
5003,5
5004,6
5005,6
5006,6
5007,13
5008,6
5009,6
5010,6
5011,6
5012,6
5013,6
5014,16
5015,6
5016,6
5017,6
5018,6
5019,6
5020,6
5021,6
5022,6
5023,15
5024,9
5025,6
5026,6
5027,6
5028,6
5029,6
5030,6
5031,19
5032,6
5033,4
5034,16
5035,6
5036,6
5037,6
5038,6
5039,13
5040,6
5041,6
5042,6
5043,6
5044,6
5045,6
5046,6
5047,6
5048,6
5049,6
5050,16
5051,3
5052,6
5053,11
5054,6
5055,6
5056,16
5057,5
5058,6
5059,6
5060,6
5061,6
5062,6
5063,6
5064,6
5065,6
5066,6
5067,6
5068,6
5069,6
5070,6
5071,6
5072,3
5073,6
5074,6
5075,2
5076,18
5077,6
5078,5
5079,11
5080,6
5081,13
5082,6
5083,6
5084,6
5085,6
5086,19
5087,6
5088,6
5089,6
5090,6
5091,6
5092,6
5093,6
5094,6
5095,6
5096,6
5097,10
5098,6
5099,4
5100,3
5101,6
5102,6
5103,6
5104,16
5105,3
5106,6
5107,6
5108,6
5109,16
5110,15
5111,4
5112,6
5113,6
5114,6
5115,6
5116,6
5117,6
5118,6
5119,6
5120,19
5121,6
5122,6
5123,6
5124,13
5125,11
5126,3
5127,6
5128,15
5129,6
5130,6
5131,9
5132,13
5133,6
5134,6
5135,6
5136,6
5137,6
5138,6
5139,6
5140,4
5141,6
5142,6
5143,6
5144,6
5145,6
5146,6
5147,6
5148,13
5149,6
5150,6
5151,1
5152,18
5153,6
5154,6
5155,0
5156,8
5157,6
5158,6
5159,6
5160,6
5161,6
5162,6
5163,6
5164,6
5165,19
5166,1
5167,3
5168,6
5169,18
5170,6
5171,6
5172,6
5173,6
5174,6
5175,6
5176,6
5177,6
5178,6
5179,6
5180,6
5181,6
5182,6
5183,6
5184,6
5185,6
5186,3
5187,6
5188,9
5189,4
5190,6
5191,6
5192,6
5193,6
5194,6
5195,6
5196,6
5197,13
5198,6
5199,2
5200,6
5201,6
5202,6
5203,6
5204,5
5205,6
5206,6
5207,6
5208,6
5209,6
5210,6
5211,6
5212,6
5213,6
5214,6
5215,10
5216,6
5217,15
5218,6
5219,6
5220,6
5221,6
5222,6
5223,7
5224,6
5225,2
5226,9
5227,6
5228,9
5229,6
5230,6
5231,6
5232,6
5233,9
5234,13
